dataset,algorithm,accepted_moves,saved_latency_gain,moves_to_50_percent,moves_to_90_percent,ms_to_50_percent,ms_to_90_percent
kittens.in,baseline-ls,1500,45800738573,193,850,5094.487,12795.166
kittens.in,greedy-ls,383,54247063,186,333,2465.551,3190.010
kittens.in,greedy-ls-insertion,0,0,,,,
kittens.in,greedy-ls-replacement,370,54036239,184,327,2130.341,2832.681
kittens.in,ocag-ls,373,58939227,151,296,2431.457,3001.983
me_at_the_zoo.in,baseline-ls,22,6471237,6,18,3.163,3.865
me_at_the_zoo.in,greedy-ls,0,0,,,,
me_at_the_zoo.in,greedy-ls-insertion,0,0,,,,
me_at_the_zoo.in,greedy-ls-replacement,0,0,,,,
me_at_the_zoo.in,ocag-ls,0,0,,,,
trending_today.in,baseline-ls,300,12168469500,141,268,1952.604,3661.220
trending_today.in,greedy-ls,13,28493500,8,13,317.313,331.324
trending_today.in,greedy-ls-insertion,0,0,,,,
trending_today.in,greedy-ls-replacement,15,15414000,5,13,280.702,312.009
trending_today.in,ocag-ls,13,28493500,8,13,309.306,326.091
videos_worth_spreading.in,baseline-ls,300,18792129006,118,257,205.464,348.429
videos_worth_spreading.in,greedy-ls,117,458775238,53,99,172.250,358.404
videos_worth_spreading.in,greedy-ls-insertion,0,0,,,,
videos_worth_spreading.in,greedy-ls-replacement,114,457138066,53,97,401.862,537.720
videos_worth_spreading.in,ocag-ls,150,496704550,64,117,268.680,397.212
