dataset,algorithm,repetition,official_score,initial_score,parse_ms,construction_ms,local_search_ms,validation_scoring_ms,writing_ms,algorithm_ms,peak_working_set_mb,ls_passes,ls_evaluated_moves,ls_accepted_moves,ls_additions,ls_replacements,ls_saved_latency_gain,ls_termination,ocag_placements,ocag_regret_placements,ocag_selected_static_regret,absolute_score_gain,relative_score_gain_percent,runtime_overhead_percent,score_points_per_local_search_second
me_at_the_zoo,greedy-ls,1,507906,507906,18.025,14.029,5.846,1.039,3.821,19.874,,1,69,0,0,0,0,no_improving_move,0,0,0,0,0.000000,41.671,0.000
me_at_the_zoo,baseline-ls,1,451979,330592,17.344,9.949,5.719,0.716,2.664,15.669,,3,274,22,1,21,6471237,max_passes,0,0,0,121387,36.718069,57.483,21225214.198
me_at_the_zoo,greedy-ls-insertion,1,507906,507906,17.430,15.656,5.343,0.683,2.670,20.999,,1,69,0,0,0,0,no_improving_move,0,0,0,0,0.000000,34.127,0.000
me_at_the_zoo,greedy-ls-replacement,1,507906,507906,19.429,16.976,5.479,0.683,2.987,22.456,,1,69,0,0,0,0,no_improving_move,0,0,0,0,0.000000,32.275,0.000
videos_worth_spreading,greedy-ls,1,609221,608302,51.759,359.555,430.843,7.743,9.644,790.398,,3,335653,117,6,111,458775238,max_passes,0,0,0,919,0.151076,119.827,2133.028
videos_worth_spreading,baseline-ls,1,502015,464407,45.747,42.665,394.833,8.697,11.769,437.498,,3,382661,300,8,292,18792129006,max_passes,0,0,0,37608,8.098069,925.426,95250.397
videos_worth_spreading,greedy-ls-insertion,1,608302,608302,46.254,295.747,91.634,10.426,10.618,387.381,,1,111940,0,0,0,0,no_improving_move,0,0,0,0,0.000000,30.984,0.000
videos_worth_spreading,greedy-ls-replacement,1,609217,608302,47.108,332.252,591.268,9.617,11.148,923.520,,3,335677,114,0,114,457138066,max_passes,0,0,0,915,0.150419,177.958,1547.522
trending_today,greedy-ls,1,499851,499794,54.117,2601.163,393.907,174.036,12.124,2995.071,,2,4015,13,5,8,28493500,no_improving_move,0,0,0,57,0.011405,15.143,144.704
trending_today,baseline-ls,1,50103,25791,57.184,64.141,4152.365,259.636,18.413,4216.505,,3,2846550,300,0,300,12168469500,max_passes,0,0,0,24312,94.265441,6473.808,5854.977
trending_today,greedy-ls-insertion,1,499794,499794,60.188,2576.413,301.618,219.344,10.384,2878.031,,1,2400,0,0,0,0,no_improving_move,0,0,0,0,0.000000,11.707,0.000
trending_today,greedy-ls-replacement,1,499825,499794,51.890,2586.699,428.291,234.566,11.159,3014.990,,3,7200,15,0,15,15414000,no_improving_move,0,0,0,31,0.006203,16.557,72.381
kittens,greedy-ls,1,1021735,1021681,156.393,31022.299,3612.526,1403.931,11.495,34634.825,,3,14673917,383,15,368,54247063,max_passes,0,0,0,54,0.005285,11.645,14.948
kittens,baseline-ls,1,99730,53940,110.286,92.773,20307.732,1735.441,41.007,20400.504,,3,14459004,1500,0,1500,45800738573,max_passes,0,0,0,45790,84.890619,21889.701,2254.806
kittens,greedy-ls-insertion,1,1021681,1021681,121.383,30255.072,1759.830,1316.223,12.104,32014.901,,1,4892937,0,0,0,0,no_improving_move,0,0,0,0,0.000000,5.817,0.000
kittens,greedy-ls-replacement,1,1021735,1021681,110.753,30848.120,3261.759,1376.455,11.340,34109.879,,3,14673987,370,0,370,54036239,max_passes,0,0,0,54,0.005285,10.574,16.555
