dataset,model,level,algorithm,scenarios,mean_score,median_score,standard_deviation,p10_score,worst_score,paired_reference,mean_paired_difference_vs_reference,win_rate_vs_reference_percent,tie_rate_vs_reference_percent,loss_rate_vs_reference_percent
kittens.in,localized_shift,3x,baseline,30,54016.967,54023.000,384.951,53467,53129,greedy,-968042.133,0.000,0.000,100.000
kittens.in,localized_shift,3x,greedy,30,1022059.100,1021854.500,2218.835,1018842,1017485,greedy,0.000,0.000,100.000,0.000
kittens.in,localized_shift,3x,greedy-ls,30,1022114.400,1021907.500,2219.504,1018897,1017539,greedy,55.300,100.000,0.000,0.000
kittens.in,localized_shift,3x,ocag,30,1022303.500,1022212.500,2195.272,1019013,1018214,greedy,244.400,96.667,0.000,3.333
kittens.in,localized_shift,3x,ocag-ls,30,1022362.867,1022269.500,2196.229,1019071,1018274,greedy-ls,248.467,96.667,0.000,3.333
kittens.in,multiplicative,0.05,baseline,30,53937.067,53934.500,32.618,53898,53873,greedy,-967750.033,0.000,0.000,100.000
kittens.in,multiplicative,0.05,greedy,30,1021687.100,1021718.500,119.702,1021505,1021460,greedy,0.000,0.000,100.000,0.000
kittens.in,multiplicative,0.05,greedy-ls,30,1021741.333,1021772.500,119.961,1021560,1021514,greedy,54.233,100.000,0.000,0.000
kittens.in,multiplicative,0.05,ocag,30,1021943.733,1021973.500,123.098,1021763,1021687,greedy,256.633,100.000,0.000,0.000
kittens.in,multiplicative,0.05,ocag-ls,30,1022002.667,1022032.000,123.082,1021822,1021746,greedy-ls,261.333,100.000,0.000,0.000
kittens.in,multiplicative,0.10,baseline,30,53934.067,53929.000,65.416,53857,53806,greedy,-967759.467,0.000,0.000,100.000
kittens.in,multiplicative,0.10,greedy,30,1021693.533,1021756.500,239.460,1021330,1021240,greedy,0.000,0.000,100.000,0.000
kittens.in,multiplicative,0.10,greedy-ls,30,1021747.500,1021811.000,239.737,1021385,1021293,greedy,53.967,100.000,0.000,0.000
kittens.in,multiplicative,0.10,ocag,30,1021949.200,1022009.000,245.919,1021588,1021437,greedy,255.667,100.000,0.000,0.000
kittens.in,multiplicative,0.10,ocag-ls,30,1022008.167,1022067.000,246.112,1021648,1021495,greedy-ls,260.667,100.000,0.000,0.000
kittens.in,multiplicative,0.20,baseline,30,53927.933,53918.000,130.616,53774,53672,greedy,-967778.133,0.000,0.000,100.000
kittens.in,multiplicative,0.20,greedy,30,1021706.067,1021831.000,478.865,1020979,1020798,greedy,0.000,0.000,100.000,0.000
kittens.in,multiplicative,0.20,greedy-ls,30,1021759.933,1021886.000,479.482,1021035,1020851,greedy,53.867,100.000,0.000,0.000
kittens.in,multiplicative,0.20,ocag,30,1021960.233,1022080.000,491.989,1021237,1020934,greedy,254.167,100.000,0.000,0.000
kittens.in,multiplicative,0.20,ocag-ls,30,1022019.267,1022137.000,492.323,1021298,1020992,greedy-ls,259.333,100.000,0.000,0.000
kittens.in,multiplicative,0.30,baseline,30,54003.567,54030.500,204.950,53709,53651,greedy,-967550.500,0.000,0.000,100.000
kittens.in,multiplicative,0.30,greedy,30,1021554.067,1021493.000,661.106,1020570,1020301,greedy,0.000,0.000,100.000,0.000
kittens.in,multiplicative,0.30,greedy-ls,30,1021608.400,1021548.000,662.054,1020618,1020354,greedy,54.333,100.000,0.000,0.000
kittens.in,multiplicative,0.30,ocag,30,1021813.300,1021815.500,679.693,1020641,1020466,greedy,259.233,100.000,0.000,0.000
kittens.in,multiplicative,0.30,ocag-ls,30,1021872.600,1021873.500,679.693,1020702,1020522,greedy-ls,264.200,100.000,0.000,0.000
kittens.in,nominal,0,baseline,1,53940.000,53940.000,0.000,53940,53940,greedy,-967741.000,0.000,0.000,100.000
kittens.in,nominal,0,greedy,1,1021681.000,1021681.000,0.000,1021681,1021681,greedy,0.000,0.000,100.000,0.000
kittens.in,nominal,0,greedy-ls,1,1021735.000,1021735.000,0.000,1021735,1021735,greedy,54.000,100.000,0.000,0.000
kittens.in,nominal,0,ocag,1,1021938.000,1021938.000,0.000,1021938,1021938,greedy,257.000,100.000,0.000,0.000
kittens.in,nominal,0,ocag-ls,1,1021997.000,1021997.000,0.000,1021997,1021997,greedy-ls,262.000,100.000,0.000,0.000
me_at_the_zoo.in,localized_shift,3x,baseline,30,333477.733,330592.000,15297.395,319482,317136,greedy,-174235.367,0.000,0.000,100.000
me_at_the_zoo.in,localized_shift,3x,greedy,30,507713.100,507830.000,14473.233,484453,479741,greedy,0.000,0.000,100.000,0.000
me_at_the_zoo.in,localized_shift,3x,greedy-ls,30,507713.100,507830.000,14473.233,484453,479741,greedy,0.000,0.000,100.000,0.000
me_at_the_zoo.in,localized_shift,3x,ocag,30,507713.100,507830.000,14473.233,484453,479741,greedy,0.000,0.000,100.000,0.000
me_at_the_zoo.in,localized_shift,3x,ocag-ls,30,507713.100,507830.000,14473.233,484453,479741,greedy-ls,0.000,0.000,100.000,0.000
me_at_the_zoo.in,multiplicative,0.05,baseline,30,329843.967,329318.000,2733.496,325967,324595,greedy,-178054.233,0.000,0.000,100.000
me_at_the_zoo.in,multiplicative,0.05,greedy,30,507898.200,507964.000,2666.726,503697,501782,greedy,0.000,0.000,100.000,0.000
me_at_the_zoo.in,multiplicative,0.05,greedy-ls,30,507898.200,507964.000,2666.726,503697,501782,greedy,0.000,0.000,100.000,0.000
me_at_the_zoo.in,multiplicative,0.05,ocag,30,507898.200,507964.000,2666.726,503697,501782,greedy,0.000,0.000,100.000,0.000
me_at_the_zoo.in,multiplicative,0.05,ocag-ls,30,507898.200,507964.000,2666.726,503697,501782,greedy-ls,0.000,0.000,100.000,0.000
me_at_the_zoo.in,multiplicative,0.10,baseline,30,329092.333,328047.000,5478.474,321290,318430,greedy,-178790.000,0.000,0.000,100.000
me_at_the_zoo.in,multiplicative,0.10,greedy,30,507882.333,508054.500,5340.752,499586,495501,greedy,0.000,0.000,100.000,0.000
me_at_the_zoo.in,multiplicative,0.10,greedy-ls,30,507882.333,508054.500,5340.752,499586,495501,greedy,0.000,0.000,100.000,0.000
me_at_the_zoo.in,multiplicative,0.10,ocag,30,507882.333,508054.500,5340.752,499586,495501,greedy,0.000,0.000,100.000,0.000
me_at_the_zoo.in,multiplicative,0.10,ocag-ls,30,507882.333,508054.500,5340.752,499586,495501,greedy-ls,0.000,0.000,100.000,0.000
me_at_the_zoo.in,multiplicative,0.20,baseline,30,327586.800,325504.000,11040.711,311878,305847,greedy,-180239.633,0.000,0.000,100.000
me_at_the_zoo.in,multiplicative,0.20,greedy,30,507826.433,508176.500,10717.447,491436,482662,greedy,0.000,0.000,100.000,0.000
me_at_the_zoo.in,multiplicative,0.20,greedy-ls,30,507826.433,508176.500,10717.447,491436,482662,greedy,0.000,0.000,100.000,0.000
me_at_the_zoo.in,multiplicative,0.20,ocag,30,507826.433,508176.500,10717.447,491436,482662,greedy,0.000,0.000,100.000,0.000
me_at_the_zoo.in,multiplicative,0.20,ocag-ls,30,507826.433,508176.500,10717.447,491436,482662,greedy-ls,0.000,0.000,100.000,0.000
me_at_the_zoo.in,multiplicative,0.30,baseline,30,330841.733,328737.500,12168.141,314895,307183,greedy,-182273.000,0.000,0.000,100.000
me_at_the_zoo.in,multiplicative,0.30,greedy,30,513114.733,510892.500,11763.776,494506,490223,greedy,0.000,0.000,100.000,0.000
me_at_the_zoo.in,multiplicative,0.30,greedy-ls,30,513114.733,510892.500,11763.776,494506,490223,greedy,0.000,0.000,100.000,0.000
me_at_the_zoo.in,multiplicative,0.30,ocag,30,513114.733,510892.500,11763.776,494506,490223,greedy,0.000,0.000,100.000,0.000
me_at_the_zoo.in,multiplicative,0.30,ocag-ls,30,513114.733,510892.500,11763.776,494506,490223,greedy-ls,0.000,0.000,100.000,0.000
me_at_the_zoo.in,nominal,0,baseline,1,330592.000,330592.000,0.000,330592,330592,greedy,-177314.000,0.000,0.000,100.000
me_at_the_zoo.in,nominal,0,greedy,1,507906.000,507906.000,0.000,507906,507906,greedy,0.000,0.000,100.000,0.000
me_at_the_zoo.in,nominal,0,greedy-ls,1,507906.000,507906.000,0.000,507906,507906,greedy,0.000,0.000,100.000,0.000
me_at_the_zoo.in,nominal,0,ocag,1,507906.000,507906.000,0.000,507906,507906,greedy,0.000,0.000,100.000,0.000
me_at_the_zoo.in,nominal,0,ocag-ls,1,507906.000,507906.000,0.000,507906,507906,greedy-ls,0.000,0.000,100.000,0.000
trending_today.in,localized_shift,3x,baseline,30,25764.667,25744.000,179.445,25487,25406,greedy,-474029.467,0.000,0.000,100.000
trending_today.in,localized_shift,3x,greedy,30,499794.133,499796.500,8.294,499780,499777,greedy,0.000,0.000,100.000,0.000
trending_today.in,localized_shift,3x,greedy-ls,30,499851.233,499854.500,6.936,499838,499832,greedy,57.100,100.000,0.000,0.000
trending_today.in,localized_shift,3x,ocag,30,499794.133,499796.500,8.294,499780,499777,greedy,0.000,0.000,100.000,0.000
trending_today.in,localized_shift,3x,ocag-ls,30,499851.233,499854.500,6.936,499838,499832,greedy-ls,0.000,0.000,100.000,0.000
trending_today.in,multiplicative,0.05,baseline,30,25784.833,25781.000,18.691,25761,25748,greedy,-474008.867,0.000,0.000,100.000
trending_today.in,multiplicative,0.05,greedy,30,499793.700,499794.000,1.552,499792,499790,greedy,0.000,0.000,100.000,0.000
trending_today.in,multiplicative,0.05,greedy-ls,30,499850.833,499850.500,1.213,499850,499848,greedy,57.133,100.000,0.000,0.000
trending_today.in,multiplicative,0.05,ocag,30,499793.700,499794.000,1.552,499792,499790,greedy,0.000,0.000,100.000,0.000
trending_today.in,multiplicative,0.05,ocag-ls,30,499850.833,499850.500,1.213,499850,499848,greedy-ls,0.000,0.000,100.000,0.000
trending_today.in,multiplicative,0.10,baseline,30,25778.967,25771.000,37.466,25732,25706,greedy,-474014.300,0.000,0.000,100.000
trending_today.in,multiplicative,0.10,greedy,30,499793.267,499793.500,3.010,499789,499785,greedy,0.000,0.000,100.000,0.000
trending_today.in,multiplicative,0.10,greedy-ls,30,499850.733,499850.500,2.337,499848,499845,greedy,57.467,100.000,0.000,0.000
trending_today.in,multiplicative,0.10,ocag,30,499793.267,499793.500,3.010,499789,499785,greedy,0.000,0.000,100.000,0.000
trending_today.in,multiplicative,0.10,ocag-ls,30,499850.733,499850.500,2.337,499848,499845,greedy-ls,0.000,0.000,100.000,0.000
trending_today.in,multiplicative,0.20,baseline,30,25766.933,25751.500,75.007,25673,25620,greedy,-474025.600,0.000,0.000,100.000
trending_today.in,multiplicative,0.20,greedy,30,499792.533,499793.000,5.948,499784,499776,greedy,0.000,0.000,100.000,0.000
trending_today.in,multiplicative,0.20,greedy-ls,30,499850.533,499850.000,4.815,499846,499838,greedy,58.000,100.000,0.000,0.000
trending_today.in,multiplicative,0.20,ocag,30,499792.533,499793.000,5.948,499784,499776,greedy,0.000,0.000,100.000,0.000
trending_today.in,multiplicative,0.20,ocag-ls,30,499850.533,499850.000,4.815,499846,499838,greedy-ls,0.000,0.000,100.000,0.000
trending_today.in,multiplicative,0.30,baseline,30,25772.467,25762.500,115.092,25624,25568,greedy,-474021.767,0.000,0.000,100.000
trending_today.in,multiplicative,0.30,greedy,30,499794.233,499793.500,8.225,499783,499780,greedy,0.000,0.000,100.000,0.000
trending_today.in,multiplicative,0.30,greedy-ls,30,499851.433,499851.500,7.003,499840,499839,greedy,57.200,100.000,0.000,0.000
trending_today.in,multiplicative,0.30,ocag,30,499794.233,499793.500,8.225,499783,499780,greedy,0.000,0.000,100.000,0.000
trending_today.in,multiplicative,0.30,ocag-ls,30,499851.433,499851.500,7.003,499840,499839,greedy-ls,0.000,0.000,100.000,0.000
trending_today.in,nominal,0,baseline,1,25791.000,25791.000,0.000,25791,25791,greedy,-474003.000,0.000,0.000,100.000
trending_today.in,nominal,0,greedy,1,499794.000,499794.000,0.000,499794,499794,greedy,0.000,0.000,100.000,0.000
trending_today.in,nominal,0,greedy-ls,1,499851.000,499851.000,0.000,499851,499851,greedy,57.000,100.000,0.000,0.000
trending_today.in,nominal,0,ocag,1,499794.000,499794.000,0.000,499794,499794,greedy,0.000,0.000,100.000,0.000
trending_today.in,nominal,0,ocag-ls,1,499851.000,499851.000,0.000,499851,499851,greedy-ls,0.000,0.000,100.000,0.000
videos_worth_spreading.in,localized_shift,3x,baseline,30,464231.167,459710.500,10190.366,456898,456264,greedy,-144001.300,0.000,0.000,100.000
videos_worth_spreading.in,localized_shift,3x,greedy,30,608232.467,605255.500,7454.102,602484,601667,greedy,0.000,0.000,100.000,0.000
videos_worth_spreading.in,localized_shift,3x,greedy-ls,30,609142.800,606171.500,7415.704,603491,602687,greedy,910.333,100.000,0.000,0.000
videos_worth_spreading.in,localized_shift,3x,ocag,30,608221.033,605299.500,7482.583,602487,601713,greedy,-11.433,56.667,0.000,43.333
videos_worth_spreading.in,localized_shift,3x,ocag-ls,30,609223.600,606264.000,7444.798,603495,602703,greedy-ls,80.800,66.667,0.000,33.333
videos_worth_spreading.in,multiplicative,0.05,baseline,30,464441.167,464486.000,782.826,463120,462290,greedy,-143939.700,0.000,0.000,100.000
videos_worth_spreading.in,multiplicative,0.05,greedy,30,608380.867,608379.000,660.480,607400,606504,greedy,0.000,0.000,100.000,0.000
videos_worth_spreading.in,multiplicative,0.05,greedy-ls,30,609298.467,609313.000,659.052,608298,607431,greedy,917.600,100.000,0.000,0.000
videos_worth_spreading.in,multiplicative,0.05,ocag,30,608402.867,608407.500,662.069,607425,606521,greedy,22.000,93.333,0.000,6.667
videos_worth_spreading.in,multiplicative,0.05,ocag-ls,30,609393.100,609414.500,658.416,608388,607540,greedy-ls,94.633,100.000,0.000,0.000
videos_worth_spreading.in,multiplicative,0.10,baseline,30,464474.233,464565.500,1566.384,461829,460168,greedy,-143984.367,0.000,0.000,100.000
videos_worth_spreading.in,multiplicative,0.10,greedy,30,608458.600,608456.000,1321.458,606495,604700,greedy,0.000,0.000,100.000,0.000
videos_worth_spreading.in,multiplicative,0.10,greedy-ls,30,609375.833,609406.000,1318.369,607373,605637,greedy,917.233,100.000,0.000,0.000
videos_worth_spreading.in,multiplicative,0.10,ocag,30,608476.100,608486.500,1324.583,606518,604708,greedy,17.500,73.333,3.333,23.333
videos_worth_spreading.in,multiplicative,0.10,ocag-ls,30,609462.400,609506.500,1317.423,607450,605751,greedy-ls,86.567,100.000,0.000,0.000
videos_worth_spreading.in,multiplicative,0.20,baseline,30,464536.867,464723.000,3135.814,459235,455904,greedy,-144074.800,0.000,0.000,100.000
videos_worth_spreading.in,multiplicative,0.20,greedy,30,608611.667,608609.000,2644.522,604677,601077,greedy,0.000,0.000,100.000,0.000
videos_worth_spreading.in,multiplicative,0.20,greedy-ls,30,609527.733,609590.500,2638.305,605515,602033,greedy,916.067,100.000,0.000,0.000
videos_worth_spreading.in,multiplicative,0.20,ocag,30,608619.833,608644.500,2650.991,604695,601066,greedy,8.167,50.000,0.000,50.000
videos_worth_spreading.in,multiplicative,0.20,ocag-ls,30,609598.367,609689.500,2636.422,605566,602158,greedy-ls,70.633,76.667,0.000,23.333
videos_worth_spreading.in,multiplicative,0.30,baseline,30,464362.200,464401.000,3563.303,460168,454153,greedy,-143936.533,0.000,0.000,100.000
videos_worth_spreading.in,multiplicative,0.30,greedy,30,608298.733,608280.000,3350.057,604584,598846,greedy,0.000,0.000,100.000,0.000
videos_worth_spreading.in,multiplicative,0.30,greedy-ls,30,609187.033,609105.000,3345.515,605490,599878,greedy,888.300,100.000,0.000,0.000
videos_worth_spreading.in,multiplicative,0.30,ocag,30,608298.200,608388.000,3384.191,604513,598657,greedy,-0.533,56.667,0.000,43.333
videos_worth_spreading.in,multiplicative,0.30,ocag-ls,30,609262.167,609267.000,3376.276,605379,599797,greedy-ls,75.133,76.667,0.000,23.333
videos_worth_spreading.in,nominal,0,baseline,1,464407.000,464407.000,0.000,464407,464407,greedy,-143895.000,0.000,0.000,100.000
videos_worth_spreading.in,nominal,0,greedy,1,608302.000,608302.000,0.000,608302,608302,greedy,0.000,0.000,100.000,0.000
videos_worth_spreading.in,nominal,0,greedy-ls,1,609221.000,609221.000,0.000,609221,609221,greedy,919.000,100.000,0.000,0.000
videos_worth_spreading.in,nominal,0,ocag,1,608329.000,608329.000,0.000,608329,608329,greedy,27.000,100.000,0.000,0.000
videos_worth_spreading.in,nominal,0,ocag-ls,1,609323.000,609323.000,0.000,609323,609323,greedy-ls,102.000,100.000,0.000,0.000
