dataset,algorithm,official_score,runs,median_algorithm_ms,min_algorithm_ms,max_algorithm_ms,median_construction_ms,median_local_search_ms
kittens,baseline,53940,3,105.286,99.552,113.985,105.286,0.000
kittens,greedy,1021681,3,31173.273,31056.991,32259.155,31173.273,0.000
kittens,greedy-ls,1021735,3,34634.825,34535.783,34747.674,31009.919,3737.755
kittens,ocag,1021938,3,31110.066,30816.987,31377.238,31110.066,0.000
kittens,ocag-ls,1021997,3,34907.576,34829.797,35333.585,31193.810,3713.766
me_at_the_zoo,baseline,330592,5,9.057,8.733,11.130,9.057,0.000
me_at_the_zoo,greedy,507906,5,14.597,13.917,16.284,14.597,0.000
me_at_the_zoo,greedy-ls,507906,5,18.934,18.342,21.453,13.857,5.293
me_at_the_zoo,ocag,507906,5,16.954,13.807,17.863,16.954,0.000
me_at_the_zoo,ocag-ls,507906,5,20.298,20.230,21.467,15.022,5.309
trending_today,baseline,25791,5,56.357,49.231,62.692,56.357,0.000
trending_today,greedy,499794,5,2554.949,2465.614,2576.728,2554.949,0.000
trending_today,greedy-ls,499851,5,2934.511,2897.407,3169.333,2574.571,371.357
trending_today,ocag,499794,5,2641.795,2595.999,2680.192,2641.795,0.000
trending_today,ocag-ls,499851,5,3064.646,2945.782,3416.627,2644.774,402.295
videos_worth_spreading,baseline,464407,5,44.311,41.172,47.949,44.311,0.000
videos_worth_spreading,greedy,608302,5,307.935,287.801,316.788,307.935,0.000
videos_worth_spreading,greedy-ls,609221,5,894.447,683.798,910.812,304.976,588.792
videos_worth_spreading,ocag,608329,5,317.221,296.453,382.363,317.221,0.000
videos_worth_spreading,ocag-ls,609323,5,680.306,659.165,923.937,303.700,371.009
