"dataset","algorithm","repetition","official_score","initial_score","parse_ms","construction_ms","local_search_ms","validation_scoring_ms","writing_ms","algorithm_ms","peak_working_set_mb","ls_passes","ls_evaluated_moves","ls_accepted_moves","ls_additions","ls_replacements","ls_saved_latency_gain","ls_termination","ocag_placements","ocag_regret_placements","ocag_selected_static_regret"
"me_at_the_zoo","baseline","1","330592","330592","16.823","9.057","0.000","0.903","2.790","9.057","","0","0","0","0","0","0","not_applicable","0","0","0"
"me_at_the_zoo","baseline","2","330592","330592","18.824","9.708","0.000","1.114","3.372","9.708","","0","0","0","0","0","0","not_applicable","0","0","0"
"me_at_the_zoo","baseline","3","330592","330592","17.538","8.920","0.000","1.275","3.557","8.920","","0","0","0","0","0","0","not_applicable","0","0","0"
"me_at_the_zoo","baseline","4","330592","330592","19.000","11.130","0.000","1.346","3.488","11.130","","0","0","0","0","0","0","not_applicable","0","0","0"
"me_at_the_zoo","baseline","5","330592","330592","16.852","8.733","0.000","0.893","2.838","8.733","","0","0","0","0","0","0","not_applicable","0","0","0"
"me_at_the_zoo","greedy","1","507906","507906","20.679","16.284","0.000","0.803","2.796","16.284","","0","0","0","0","0","0","not_applicable","0","0","0"
"me_at_the_zoo","greedy","2","507906","507906","18.945","14.597","0.000","0.852","3.239","14.597","","0","0","0","0","0","0","not_applicable","0","0","0"
"me_at_the_zoo","greedy","3","507906","507906","17.826","13.917","0.000","0.828","2.622","13.917","","0","0","0","0","0","0","not_applicable","0","0","0"
"me_at_the_zoo","greedy","4","507906","507906","17.784","14.231","0.000","0.824","2.622","14.231","","0","0","0","0","0","0","not_applicable","0","0","0"
"me_at_the_zoo","greedy","5","507906","507906","17.375","14.688","0.000","0.854","3.244","14.688","","0","0","0","0","0","0","not_applicable","0","0","0"
"me_at_the_zoo","ocag","1","507906","507906","18.530","17.863","0.000","0.926","2.704","17.863","","0","0","0","0","0","0","not_applicable","51","23","2848880"
"me_at_the_zoo","ocag","2","507906","507906","18.510","16.954","0.000","0.787","3.003","16.954","","0","0","0","0","0","0","not_applicable","51","23","2848880"
"me_at_the_zoo","ocag","3","507906","507906","19.372","17.814","0.000","0.826","2.549","17.814","","0","0","0","0","0","0","not_applicable","51","23","2848880"
"me_at_the_zoo","ocag","4","507906","507906","17.204","16.101","0.000","0.777","2.846","16.101","","0","0","0","0","0","0","not_applicable","51","23","2848880"
"me_at_the_zoo","ocag","5","507906","507906","16.333","13.807","0.000","0.709","2.667","13.807","","0","0","0","0","0","0","not_applicable","51","23","2848880"
"me_at_the_zoo","greedy-ls","1","507906","507906","18.025","14.029","5.846","1.039","3.821","19.874","","1","69","0","0","0","0","no_improving_move","0","0","0"
"me_at_the_zoo","greedy-ls","2","507906","507906","17.391","13.175","5.167","0.678","2.530","18.342","","1","69","0","0","0","0","no_improving_move","0","0","0"
"me_at_the_zoo","greedy-ls","3","507906","507906","19.701","15.754","5.699","1.019","3.513","21.453","","1","69","0","0","0","0","no_improving_move","0","0","0"
"me_at_the_zoo","greedy-ls","4","507906","507906","17.669","13.285","5.293","0.812","2.630","18.577","","1","69","0","0","0","0","no_improving_move","0","0","0"
"me_at_the_zoo","greedy-ls","5","507906","507906","17.487","13.857","5.077","0.731","3.301","18.934","","1","69","0","0","0","0","no_improving_move","0","0","0"
"me_at_the_zoo","ocag-ls","1","507906","507906","16.811","16.168","5.299","0.996","2.597","21.467","","1","69","0","0","0","0","no_improving_move","51","23","2848880"
"me_at_the_zoo","ocag-ls","2","507906","507906","16.997","14.989","5.309","0.838","3.102","20.298","","1","69","0","0","0","0","no_improving_move","51","23","2848880"
"me_at_the_zoo","ocag-ls","3","507906","507906","17.358","14.604","5.660","0.780","2.576","20.264","","1","69","0","0","0","0","no_improving_move","51","23","2848880"
"me_at_the_zoo","ocag-ls","4","507906","507906","16.902","15.022","5.209","0.688","2.340","20.230","","1","69","0","0","0","0","no_improving_move","51","23","2848880"
"me_at_the_zoo","ocag-ls","5","507906","507906","18.802","15.416","5.721","0.888","2.549","21.137","","1","69","0","0","0","0","no_improving_move","51","23","2848880"
"videos_worth_spreading","baseline","1","464407","464407","48.139","41.172","0.000","15.761","12.253","41.172","","0","0","0","0","0","0","not_applicable","0","0","0"
"videos_worth_spreading","baseline","2","464407","464407","47.526","44.759","0.000","16.245","11.541","44.759","","0","0","0","0","0","0","not_applicable","0","0","0"
"videos_worth_spreading","baseline","3","464407","464407","45.325","47.949","0.000","17.097","12.713","47.949","","0","0","0","0","0","0","not_applicable","0","0","0"
"videos_worth_spreading","baseline","4","464407","464407","45.977","41.612","0.000","16.576","15.284","41.612","","0","0","0","0","0","0","not_applicable","0","0","0"
"videos_worth_spreading","baseline","5","464407","464407","44.448","44.311","0.000","16.488","13.706","44.311","","0","0","0","0","0","0","not_applicable","0","0","0"
"videos_worth_spreading","greedy","1","608302","608302","49.803","316.788","0.000","11.345","9.999","316.788","","0","0","0","0","0","0","not_applicable","0","0","0"
"videos_worth_spreading","greedy","2","608302","608302","49.367","287.801","0.000","11.486","10.034","287.801","","0","0","0","0","0","0","not_applicable","0","0","0"
"videos_worth_spreading","greedy","3","608302","608302","54.663","314.591","0.000","13.001","10.232","314.591","","0","0","0","0","0","0","not_applicable","0","0","0"
"videos_worth_spreading","greedy","4","608302","608302","43.714","291.921","0.000","10.881","9.290","291.921","","0","0","0","0","0","0","not_applicable","0","0","0"
"videos_worth_spreading","greedy","5","608302","608302","52.020","307.935","0.000","12.407","10.087","307.935","","0","0","0","0","0","0","not_applicable","0","0","0"
"videos_worth_spreading","ocag","1","608329","608329","46.230","296.453","0.000","12.868","8.846","296.453","","0","0","0","0","0","0","not_applicable","6114","1273","5798765050"
"videos_worth_spreading","ocag","2","608329","608329","51.568","301.080","0.000","12.200","10.023","301.080","","0","0","0","0","0","0","not_applicable","6114","1273","5798765050"
"videos_worth_spreading","ocag","3","608329","608329","49.804","332.217","0.000","19.365","13.172","332.217","","0","0","0","0","0","0","not_applicable","6114","1273","5798765050"
"videos_worth_spreading","ocag","4","608329","608329","45.840","317.221","0.000","14.769","10.381","317.221","","0","0","0","0","0","0","not_applicable","6114","1273","5798765050"
"videos_worth_spreading","ocag","5","608329","608329","49.239","382.363","0.000","11.857","10.334","382.363","","0","0","0","0","0","0","not_applicable","6114","1273","5798765050"
"videos_worth_spreading","greedy-ls","1","609221","608302","51.759","359.555","430.843","7.743","9.644","790.398","","3","335653","117","6","111","458775238","max_passes","0","0","0"
"videos_worth_spreading","greedy-ls","2","609221","608302","44.545","304.976","605.836","9.103","9.624","910.812","","3","335653","117","6","111","458775238","max_passes","0","0","0"
"videos_worth_spreading","greedy-ls","3","609221","608302","46.766","298.701","385.097","11.611","10.051","683.798","","3","335653","117","6","111","458775238","max_passes","0","0","0"
"videos_worth_spreading","greedy-ls","4","609221","608302","45.537","304.555","589.892","8.374","10.692","894.447","","3","335653","117","6","111","458775238","max_passes","0","0","0"
"videos_worth_spreading","greedy-ls","5","609221","608302","45.416","306.794","588.792","11.174","12.676","895.586","","3","335653","117","6","111","458775238","max_passes","0","0","0"
"videos_worth_spreading","ocag-ls","1","609323","608329","48.745","303.700","472.196","7.738","11.921","775.896","","3","335132","150","10","140","496704550","max_passes","6114","1273","5798765050"
"videos_worth_spreading","ocag-ls","2","609323","608329","45.672","296.070","363.095","10.954","9.406","659.165","","3","335132","150","10","140","496704550","max_passes","6114","1273","5798765050"
"videos_worth_spreading","ocag-ls","3","609323","608329","46.408","303.181","362.497","7.029","9.224","665.678","","3","335132","150","10","140","496704550","max_passes","6114","1273","5798765050"
"videos_worth_spreading","ocag-ls","4","609323","608329","45.169","309.297","371.009","10.003","11.331","680.306","","3","335132","150","10","140","496704550","max_passes","6114","1273","5798765050"
"videos_worth_spreading","ocag-ls","5","609323","608329","44.930","315.085","608.852","10.705","9.923","923.937","","3","335132","150","10","140","496704550","max_passes","6114","1273","5798765050"
"trending_today","baseline","1","25791","25791","54.219","62.692","0.000","176.656","19.790","62.692","","0","0","0","0","0","0","not_applicable","0","0","0"
"trending_today","baseline","2","25791","25791","66.240","58.100","0.000","185.541","19.045","58.100","","0","0","0","0","0","0","not_applicable","0","0","0"
"trending_today","baseline","3","25791","25791","56.680","56.357","0.000","166.057","18.606","56.357","","0","0","0","0","0","0","not_applicable","0","0","0"
"trending_today","baseline","4","25791","25791","61.513","55.152","0.000","186.643","18.347","55.152","","0","0","0","0","0","0","not_applicable","0","0","0"
"trending_today","baseline","5","25791","25791","52.386","49.231","0.000","188.828","19.348","49.231","","0","0","0","0","0","0","not_applicable","0","0","0"
"trending_today","greedy","1","499794","499794","50.495","2465.614","0.000","246.508","12.095","2465.614","","0","0","0","0","0","0","not_applicable","0","0","0"
"trending_today","greedy","2","499794","499794","52.488","2497.156","0.000","226.921","12.087","2497.156","","0","0","0","0","0","0","not_applicable","0","0","0"
"trending_today","greedy","3","499794","499794","56.088","2554.949","0.000","217.161","13.616","2554.949","","0","0","0","0","0","0","not_applicable","0","0","0"
"trending_today","greedy","4","499794","499794","53.180","2576.728","0.000","189.364","10.326","2576.728","","0","0","0","0","0","0","not_applicable","0","0","0"
"trending_today","greedy","5","499794","499794","54.938","2563.044","0.000","227.951","11.750","2563.044","","0","0","0","0","0","0","not_applicable","0","0","0"
"trending_today","ocag","1","499794","499794","54.374","2595.999","0.000","239.384","10.264","2595.999","","0","0","0","0","0","0","not_applicable","9976","0","0"
"trending_today","ocag","2","499794","499794","53.480","2641.795","0.000","219.205","11.123","2641.795","","0","0","0","0","0","0","not_applicable","9976","0","0"
"trending_today","ocag","3","499794","499794","60.039","2680.192","0.000","230.517","11.651","2680.192","","0","0","0","0","0","0","not_applicable","9976","0","0"
"trending_today","ocag","4","499794","499794","53.155","2675.541","0.000","195.936","11.226","2675.541","","0","0","0","0","0","0","not_applicable","9976","0","0"
"trending_today","ocag","5","499794","499794","59.013","2615.750","0.000","239.314","11.274","2615.750","","0","0","0","0","0","0","not_applicable","9976","0","0"
"trending_today","greedy-ls","1","499851","499794","54.117","2601.163","393.907","174.036","12.124","2995.071","","2","4015","13","5","8","28493500","no_improving_move","0","0","0"
"trending_today","greedy-ls","2","499851","499794","53.497","2562.851","371.660","339.004","19.870","2934.511","","2","4015","13","5","8","28493500","no_improving_move","0","0","0"
"trending_today","greedy-ls","3","499851","499794","82.123","2797.976","371.357","235.101","10.928","3169.333","","2","4015","13","5","8","28493500","no_improving_move","0","0","0"
"trending_today","greedy-ls","4","499851","499794","55.042","2574.571","345.768","250.492","10.881","2920.339","","2","4015","13","5","8","28493500","no_improving_move","0","0","0"
"trending_today","greedy-ls","5","499851","499794","58.461","2538.604","358.802","224.733","12.258","2897.407","","2","4015","13","5","8","28493500","no_improving_move","0","0","0"
"trending_today","ocag-ls","1","499851","499794","54.114","2545.940","399.842","216.832","13.906","2945.782","","2","4015","13","5","8","28493500","no_improving_move","9976","0","0"
"trending_today","ocag-ls","2","499851","499794","53.570","2980.548","436.079","208.929","11.235","3416.627","","2","4015","13","5","8","28493500","no_improving_move","9976","0","0"
"trending_today","ocag-ls","3","499851","499794","51.629","2622.767","402.295","242.474","11.442","3025.061","","2","4015","13","5","8","28493500","no_improving_move","9976","0","0"
"trending_today","ocag-ls","4","499851","499794","56.254","2718.689","371.648","199.880","10.627","3090.336","","2","4015","13","5","8","28493500","no_improving_move","9976","0","0"
"trending_today","ocag-ls","5","499851","499794","51.432","2644.774","419.872","226.942","10.705","3064.646","","2","4015","13","5","8","28493500","no_improving_move","9976","0","0"
"kittens","baseline","1","53940","53940","108.776","99.552","0.000","2209.936","40.483","99.552","","0","0","0","0","0","0","not_applicable","0","0","0"
"kittens","baseline","2","53940","53940","111.051","105.286","0.000","2090.166","39.417","105.286","","0","0","0","0","0","0","not_applicable","0","0","0"
"kittens","baseline","3","53940","53940","109.360","113.985","0.000","2413.088","41.457","113.985","","0","0","0","0","0","0","not_applicable","0","0","0"
"kittens","greedy","1","1021681","1021681","110.920","32259.155","0.000","1390.536","11.651","32259.155","","0","0","0","0","0","0","not_applicable","0","0","0"
"kittens","greedy","2","1021681","1021681","114.585","31173.273","0.000","1369.749","12.023","31173.273","","0","0","0","0","0","0","not_applicable","0","0","0"
"kittens","greedy","3","1021681","1021681","120.025","31056.991","0.000","1575.275","16.750","31056.991","","0","0","0","0","0","0","not_applicable","0","0","0"
"kittens","ocag","1","1021938","1021938","119.683","31110.066","0.000","1321.239","11.810","31110.066","","0","0","0","0","0","0","not_applicable","10798","6375","15450975553"
"kittens","ocag","2","1021938","1021938","105.597","30816.987","0.000","1315.498","11.384","30816.987","","0","0","0","0","0","0","not_applicable","10798","6375","15450975553"
"kittens","ocag","3","1021938","1021938","106.651","31377.238","0.000","1360.641","12.114","31377.238","","0","0","0","0","0","0","not_applicable","10798","6375","15450975553"
"kittens","greedy-ls","1","1021735","1021681","156.393","31022.299","3612.526","1403.931","11.495","34634.825","","3","14673917","383","15","368","54247063","max_passes","0","0","0"
"kittens","greedy-ls","2","1021735","1021681","109.990","31009.919","3737.755","1273.759","11.761","34747.674","","3","14673917","383","15","368","54247063","max_passes","0","0","0"
"kittens","greedy-ls","3","1021735","1021681","109.331","30726.566","3809.216","1335.007","12.355","34535.783","","3","14673917","383","15","368","54247063","max_passes","0","0","0"
"kittens","ocag-ls","1","1021997","1021938","114.013","31193.810","3713.766","1340.416","11.880","34907.576","","3","14669402","373","18","355","58939227","max_passes","10798","6375","15450975553"
"kittens","ocag-ls","2","1021997","1021938","104.915","31049.134","3780.663","1368.519","11.821","34829.797","","3","14669402","373","18","355","58939227","max_passes","10798","6375","15450975553"
"kittens","ocag-ls","3","1021997","1021938","112.841","31638.791","3694.795","1345.096","11.560","35333.585","","3","14669402","373","18","355","58939227","max_passes","10798","6375","15450975553"
